Units_Sold,Sales,Discounts,Sale_Price,Gross_Sales
0.012311952138555128,-0.5797372098224233,-0.572677588674288,-0.7196359066067776,-0.5914735911236907
-0.3312237910533368,-0.6048717167243143,-0.572677588674288,-0.7196359066067776,-0.6148746237013198
0.6567296717501914,-0.5784699237601431,-0.572677588674288,-0.756192157305235,-0.59029370712818
-0.8303881427382,-0.6602098747772174,-0.572677588674288,-0.756192157305235,-0.6663962248386209
0.9933485878979513,-0.5599675472508517,-0.572677588674288,-0.756192157305235,-0.5730674007937236
-0.10988532564111114,1.5204937383258466,-0.572677588674288,1.693076639491417,1.363908825169696
-0.7923455939954737,-0.658118852774455,-0.572677588674288,-0.756192157305235,-0.6644494162460283
1.0486832042510077,-0.5888363237495953,-0.572677588674288,-0.7781259077243096,-0.5999451582114577
0.33509721419805094,-0.5560389604577831,-0.572677588674288,-0.7196359066067776,-0.5694097604076404
-0.0729955814057402,-0.6381590972935415,-0.572677588674288,-0.7781259077243096,-0.6458662433167346
0.9933485878979513,-0.5599675472508517,-0.572677588674288,-0.756192157305235,-0.5730674007937236
1.2192982713395983,0.6910022069775128,-0.572677588674288,0.04804535806082984,0.5916255882747885
-0.7496918272233261,0.49758267172199383,-0.572677588674288,1.327514132506842,0.41154579345996606
0.6198399275148204,-0.6530201385172142,-0.572677588674288,-0.814682158422767,-0.6597023496374235
-1.4563609902321508,-0.5343050044896772,-0.572677588674288,0.04804535806082984,-0.5491747498846317
-1.1451037732462084,-0.6775083295273424,-0.572677588674288,-0.756192157305235,-0.6825016413773421
-1.517459629121984,-0.6918075405967375,-0.572677588674288,-0.7196359066067776,-0.6958146657933547
-0.7312469551056405,-0.6547605447094124,-0.572677588674288,-0.756192157305235,-0.6613227236579249
1.0486832042510077,-0.5888363237495953,-0.572677588674288,-0.7781259077243096,-0.5999451582114577
-0.6943572108702696,0.7708940324870951,-0.572677588674288,1.693076639491417,0.6660074418251097
-1.4309992910703333,-0.6978736165481856,-0.572677588674288,-0.7781259077243096,-0.7014623771851993
-0.8361521652749767,-0.6903670587726124,-0.572677588674288,-0.814682158422767,-0.6944735309851242
-1.221188870731661,-0.6816903735328671,-0.572677588674288,-0.756192157305235,-0.6863952585625276
-0.9456685934737342,0.28214404113435604,-0.572677588674288,1.327514132506842,0.2109655142231449
0.995654196912662,-0.5598408186446238,-0.572677588674288,-0.756192157305235,-0.5729494123941725
-0.5364229933625878,-0.6826788566614457,-0.572677588674288,-0.814682158422767,-0.6873155680790259
0.1345092299182214,1.8339358243964883,-0.572677588674288,1.693076639491417,1.6557334667260124
-0.8027208345616718,-0.6702467803904767,-0.572677588674288,-0.7781259077243096,-0.6757409060830658
0.6267567545589525,-0.5801173956411073,-0.572677588674288,-0.756192157305235,-0.591827556322344
0.24056724459491288,-0.5629667909315816,-0.572677588674288,-0.7196359066067776,-0.5758597929164323
-0.10988532564111114,1.5204937383258466,-0.572677588674288,1.693076639491417,1.363908825169696
-0.132941415788218,-0.6723293538194905,-0.572677588674288,-0.814682158422767,-0.6776798487823551
0.22558078599929343,0.23609931420484126,-0.572677588674288,0.04804535806082984,0.168096395719589
0.6371319951251506,-0.6069331687189569,-0.572677588674288,-0.7781259077243096,-0.6167939016673506
-0.6943572108702696,0.7708940324870951,-0.572677588674288,1.693076639491417,0.6660074418251097
-0.0729955814057402,-0.6381590972935415,-0.572677588674288,-0.7781259077243096,-0.6458662433167346
1.3979829699796764,0.7731117830960855,-0.572677588674288,0.04804535806082984,0.6680722388172535
-1.4563609902321508,-0.5343050044896772,-0.572677588674288,0.04804535806082984,-0.5491747498846317
0.45268327394829583,1.8193620346802657,-0.572677588674288,1.327514132506842,1.6421648007776393
1.4175806466047172,-0.5726150621524084,-0.572677588674288,-0.7781259077243096,-0.5848426430689205
0.6567296717501914,-0.5784699237601431,-0.572677588674288,-0.756192157305235,-0.59029370712818
-0.8303881427382,-0.6602098747772174,-0.572677588674288,-0.756192157305235,-0.6663962248386209
-0.09374606253813636,1.5411927440097568,-0.572677588674288,1.693076639491417,1.3831802637630377
0.6256039500515972,2.009454944022299,-0.572677588674288,1.327514132506842,1.819147400104246
0.24056724459491288,-0.5629667909315816,-0.572677588674288,-0.7196359066067776,-0.5758597929164323
1.316133849957447,3.349398740539921,-0.572677588674288,1.693076639491417,3.0666780780242395
0.3973486575952394,-0.6174769887571283,-0.572677588674288,-0.7781259077243096,-0.6266105365099998
3.0107564757698,1.5115699323039566,-0.572677588674288,0.04804535806082984,1.355600475367975
0.33509721419805094,-0.5560389604577831,-0.572677588674288,-0.7196359066067776,-0.5694097604076404
0.08954985413136306,-0.6666223422523553,-0.572677588674288,-0.814682158422767,-0.6723664378559052
0.6140759049780438,-0.607946997568781,-0.572677588674288,-0.7781259077243096,-0.6177378088637592
-0.5364229933625878,-0.6826788566614457,-0.572677588674288,-0.814682158422767,-0.6873155680790259
-1.1451037732462084,-0.6775083295273424,-0.572677588674288,-0.756192157305235,-0.6825016413773421
2.693735236247081,-0.6009902307298937,-0.560651683665353,-0.814682158422767,-0.6101747524525355
0.7927606036181218,-0.5724477803921874,-0.5576795018190382,-0.756192157305235,-0.5833323915546668
-0.6666899026937414,-0.686324838662626,-0.5695377452879247,-0.814682158422767,-0.6904265288805225
-1.1174364650696802,-0.6977710931057471,-0.5707296664180879,-0.814682158422767,-0.7011910038662319
-0.3254597685165601,-0.6776596434831786,-0.5686354213632999,-0.814682158422767,-0.6822774634181952
0.2878322293964819,-0.6232345227952797,-0.5629680258251403,-0.7781259077243096,-0.6310940956929404
-0.4591850913697798,1.0546182603972656,-0.38824989462091214,1.693076639491417,0.9468198327566594
1.0613640538319165,-0.6424426509126548,-0.564968206223693,-0.814682158422767,-0.6491581196642094
-0.18827603214127442,-0.6439607328866603,-0.5651262871043103,-0.7781259077243096,-0.6505857792987774
-1.473653057842481,-0.5439680607145639,-0.5547138522405176,0.04804535806082984,-0.5565490248565736
1.225062293876375,-0.5824345014773804,-0.5587194388518586,-0.7781259077243096,-0.5927242681589321
-0.9710302926355517,-0.678036027443676,-0.5686746149700644,-0.7781259077243096,-0.6826314286168483
-1.2845931186362047,-0.09669845432369367,-0.5081387828685966,1.327514132506842,-0.13592038045700458
-0.24361064849433084,1.3283330405588594,-0.3597474328126632,1.693076639491417,1.2042311911105796
0.6302151680810185,2.437829315224571,-0.2442133897610443,1.693076639491417,2.2476419378072197
0.6982306340149838,-0.5775916945189828,-0.5582151477781543,-0.756192157305235,-0.5881699159362607
0.7985246261548985,2.1703876010712646,-0.27206262478988347,1.327514132506842,1.996129999430853
-0.267819543148793,-0.6014293453504739,-0.5606974095399117,-0.7196359066067776,-0.6105877118509643
0.25555370319053233,-0.6629053922316874,-0.5670990319781279,-0.814682158422767,-0.6684020276309892
1.0256271141039008,2.417546401797776,-0.2463254896811361,1.327514132506842,2.2285671465464634
-1.089769156893152,-0.3698904789845969,-0.5365868091118947,0.04804535806082984,-0.39284012047946226
-0.1087325211337558,-0.6215031565769925,-0.562787735234023,-0.756192157305235,-0.6294658557791356
3.3254721062778088,-0.5849625259572858,-0.558982471501701,-0.814682158422767,-0.5951017344098861
-1.0159896684224101,-0.33643412694039904,-0.5331029329550423,0.04804535806082984,-0.36137654726584323
-0.9468213979810896,-0.30506879689896355,-0.5298367990579932,0.04804535806082984,-0.33187944737807545
0.24748407163904493,0.2365059018164895,-0.47344155376894437,0.04804535806082984,0.17743714401738217
-0.9929335782753033,-0.6696175728605546,-0.5677979846320965,-0.756192157305235,-0.6747144070069715
-0.9710302926355517,-0.678036027443676,-0.5686746149700644,-0.7781259077243096,-0.6826314286168483
1.4948185485975252,2.928173974872346,-0.1931528298371758,1.327514132506842,2.7087799327193234
0.6302151680810185,2.437829315224571,-0.2442133897610443,1.693076639491417,2.2476419378072197
2.6003580711512986,-0.3932890151955078,-0.5390233449990934,-0.7196359066067776,-0.41484495699573704
-1.43676331360711,-0.7058800764324595,-0.571574070901605,-0.814682158422767,-0.7088169874238828
-0.790039984980763,-0.23397404880504305,-0.5224335622246817,0.04804535806082984,-0.26501935429913503
-1.089769156893152,-0.3698904789845969,-0.5365868091118947,0.04804535806082984,-0.39284012047946226
0.557588484117632,-0.655235523525555,-0.5663003533691695,-0.814682158422767,-0.661189003471767
-1.550890959835289,-0.7087782329282882,-0.5718758616736923,-0.814682158422767,-0.7115425194535125
-0.7658310903263008,0.664538105781946,-0.4288697131872135,1.693076639491417,0.5799742338191203
-1.0159896684224101,-0.33643412694039904,-0.5331029329550423,0.04804535806082984,-0.36137654726584323
-0.9468213979810896,-0.30506879689896355,-0.5298367990579932,0.04804535806082984,-0.33187944737807545
-0.7174133010173764,0.5205712408917571,-0.44386126777466917,1.327514132506842,0.444582545334266
-1.2845931186362047,-0.09669845432369367,-0.5081387828685966,1.327514132506842,-0.13592038045700458
-0.24361064849433084,1.3283330405588594,-0.3597474328126632,1.693076639491417,1.2042311911105796
0.1564125155579729,0.19520821726193277,-0.4777419634000591,0.04804535806082984,0.1385992958318212
0.43884961986003174,-0.6166603496185948,-0.5622834441603187,-0.7781259077243096,-0.6249115035564643
-1.484028298408679,-0.6963408340558577,-0.5705807307123824,-0.756192157305235,-0.6998459361113497
-0.9975447963047246,-0.3322520829348743,-0.4918407747223213,0.04804535806082984,-0.3537564631281699
-0.3611967082445757,-0.652144866276866,-0.5591427298049163,-0.7781259077243096,-0.6576650832718417
-1.6073783806957007,-0.450702142961051,-0.5167613763568064,1.327514132506842,-0.46628789920000413
0.6186871230074651,-0.6543182618736766,-0.5595999885505032,-0.814682158422767,-0.6597298802639855
1.433719909707692,3.4158721187933927,0.2967237062682372,1.693076639491417,3.2070842734900142
-0.5375757978699431,-0.6597455411639979,-0.5607418289609115,-0.7781259077243096,-0.6648859733243673
-0.04878668675127801,-0.5868188043384451,-0.5453988383661333,-0.7196359066067776,-0.5956031851079782
-1.0586434351945577,-0.6821998225299039,-0.5654659650296033,-0.7781259077243096,-0.686218275963201
0.059576936940124156,0.1425313599398182,-0.39195151303756787,0.04804535806082984,0.09730335598894627
0.8699985056109297,-0.5697421246492191,-0.5418060910793793,-0.756192157305235,-0.5793797801697059
-0.7958040075175398,0.42362385712732004,-0.3328127152749978,1.327514132506842,0.36435043363953756
0.13796764344028742,1.4295955333653605,-0.12116723874621238,1.327514132506842,1.3200564700032147
-0.5375757978699431,-0.6597455411639979,-0.5607418289609115,-0.7781259077243096,-0.6648859733243673
-1.0909219614005072,-0.3739088318737438,-0.5006049006794032,0.04804535806082984,-0.39333173881092504
-0.3611967082445757,-0.652144866276866,-0.5591427298049163,-0.7781259077243096,-0.6576650832718417
-0.921459698819272,-0.2978399859853734,-0.4846008445838623,0.04804535806082984,-0.3210638440858939
0.6186871230074651,0.3935068038572306,-0.33914901503527317,0.04804535806082984,0.33573824674840275
0.20367750035954194,-0.6278028355925875,-0.5540214318543432,-0.7781259077243096,-0.6345393569598318
0.35469489082309175,1.6630803174798687,-0.07204458493459304,1.327514132506842,1.5418746611592287
1.433719909707692,3.4158721187933927,0.2967237062682372,1.693076639491417,3.2070842734900142
1.291924955302985,0.6957122868423209,-0.2755682751727162,0.04804535806082984,0.6228433523226762
0.36507013138928984,-0.5969406181178772,-0.5475283576670095,-0.756192157305235,-0.6052192396713905
0.46651692803656,-0.6581434381240633,-0.5604047639427361,-0.814682158422767,-0.6633639229701584
-0.6378697900098579,-0.6640674935507984,-0.5616511206378499,-0.7781259077243096,-0.6689919696287445
-0.6044384592965529,-0.6626268427551982,-0.5613480234122038,-0.7781259077243096,-0.6676233041939521
-0.04878668675127801,-0.5868188043384451,-0.5453988383661333,-0.7196359066067776,-0.5956031851079782
1.565139623546201,3.581050184150997,0.33147537093284024,1.693076639491417,3.364008844892939
1.4625400223915757,3.452095378740236,0.3043446853613519,1.693076639491417,3.2414975566924102
-0.921459698819272,-0.2978399859853734,-0.4846008445838623,0.04804535806082984,-0.3210638440858939
0.6186871230074651,0.3935068038572306,-0.33914901503527317,0.04804535806082984,0.33573824674840275
-0.6378697900098579,-0.6640674935507984,-0.5616511206378499,-0.7781259077243096,-0.6689919696287445
-1.2269528932684377,-0.6714363395742704,-0.5632014455276493,-0.7196359066067776,-0.6759926146687748
-0.6044384592965529,-0.6626268427551982,-0.5613480234122038,-0.7781259077243096,-0.6676233041939521
-1.0909219614005072,-0.3739088318737438,-0.5006049006794032,0.04804535806082984,-0.39333173881092504
-1.6073783806957007,-0.450702142961051,-0.5167613763568064,1.327514132506842,-0.46628789920000413
1.4625400223915757,3.452095378740236,0.3043446853613519,1.693076639491417,3.2414975566924102
1.291924955302985,0.6957122868423209,-0.2755682751727162,0.04804535806082984,0.6228433523226762
-1.5474325463132228,-0.3310618901080495,-0.49159037112354753,1.693076639491417,-0.35262574096580546
0.38236219899962,2.0944475959325595,0.018710388951412887,1.693076639491417,1.9516877022666161
-1.5555021778647102,-0.3948148276144932,-0.5050032943274294,1.327514132506842,-0.413193119402022
-0.5848407826715121,0.6508989395366551,-0.28499651502219814,1.327514132506842,0.5802692048179979
0.769704513471015,0.4612960474720368,-0.3248868970181585,0.04804535806082984,0.4001402481700292
1.565139623546201,3.581050184150997,0.33147537093284024,1.693076639491417,3.364008844892939
-0.4292121741785409,-0.6141414918412067,-0.5511472340249399,-0.7196359066067776,-0.6215606330092139
-0.7692895038483669,-0.6385663185482209,-0.5562859513562972,-0.7196359066067776,-0.6447650182542579
0.35469489082309175,1.6630803174798687,-0.07204458493459304,1.327514132506842,1.5418746611592287
3.0384237839463286,1.4570212089821166,0.12031458867437687,0.04804535806082984,1.367399315323082
1.120157083707039,-0.505043369311627,-0.5052645850391934,-0.7196359066067776,-0.515843027011454
-1.0597962397019132,0.1304879180612818,-0.3026336380662636,1.327514132506842,0.09415699866758437
0.39043183055110736,-0.6207420245679871,-0.5421536077260253,-0.7781259077243096,-0.6268937086689224
-0.8073320525910932,-0.6718303810539021,-0.558442470697389,-0.7781259077243096,-0.6759296875223475
0.4031126801320161,-0.6603162423207114,-0.5547713361971056,-0.814682158422767,-0.6648781074310638
0.3374028232127616,-0.6230038767319448,-0.5428747700904938,-0.7781259077243096,-0.629064695220662
-1.2269528932684377,-0.7008738740577652,-0.5677026135223027,-0.814682158422767,-0.7038064133896139
0.21751115444780603,1.8606818967409122,0.24901637714533917,1.693076639491417,1.7548437223489122
-0.3704191443034185,-0.05728268957162305,-0.36250187239917464,0.04804535806082984,-0.08607028164667697
0.1126059442784699,0.15732692471693976,-0.2940763672559948,0.04804535806082984,0.11991779923623493
0.9530004301405144,2.276174305120106,0.381490768009653,1.327514132506842,2.153644512831533
0.19099665077863318,0.19215616999527455,-0.28297151200602766,0.04804535806082984,0.15334784577570512
0.3374028232127616,-0.6230038767319448,-0.5428747700904938,-0.7781259077243096,-0.629064695220662
-1.0597962397019132,0.1304879180612818,-0.3026336380662636,1.327514132506842,0.09415699866758437
-0.04417546872185664,0.08766843416027022,-0.31628607775592904,0.04804535806082984,0.05305770615729455
-0.2747363701929251,-0.6491381033654999,-0.5512073308886456,-0.7781259077243096,-0.6541490289652198
0.4619057100071386,0.3125219441189315,-0.24459443871570005,0.04804535806082984,0.2688781536694624
0.3881262215363967,-0.5969311134724101,-0.5345618060957242,-0.756192157305235,-0.6040393556758799
-0.3704191443034185,-0.05728268957162305,-0.36250187239917464,0.04804535806082984,-0.08607028164667697
0.1126059442784699,0.15732692471693976,-0.2940763672559948,0.04804535806082984,0.11991779923623493
0.4619057100071386,0.3125219441189315,-0.24459443871570005,0.04804535806082984,0.2688781536694624
1.4244974736488494,2.7795593383487445,0.5419885877106486,1.327514132506842,2.63680700899317
0.35469489082309175,-0.6222663162436978,-0.5426396084499062,-0.7781259077243096,-0.6283567648233556
-0.04417546872185664,0.08766843416027022,-0.31628607775592904,0.04804535806082984,0.05305770615729455
0.30627710151416737,1.5871698823492832,0.16181060209412665,1.327514132506842,1.4923195333477786
0.038826455807728,1.6383893606997757,0.17814127157937243,1.693076639491417,1.5414813664940583
0.3881262215363967,-0.5969311134724101,-0.5345618060957242,-0.756192157305235,-0.6040393556758799
-0.8960979996574545,-0.6483759575276447,-0.5509643305267051,-0.7196359066067776,-0.6534175008880031
0.17485738767565837,-0.665995458080214,-0.5565820808296297,-0.814682158422767,-0.6703291714903233
2.585371612555679,-0.40092441372074616,-0.47206760010958565,-0.7196359066067776,-0.4159068525916967
1.0037238284641494,-0.5945832125848236,-0.5338132082065206,-0.7781259077243096,-0.6017857772444544
0.4872674091689561,-0.592932192302885,-0.5196094451150333,-0.756192157305235,-0.5989658544951837
0.4872674091689561,-0.592932192302885,-0.5196094451150333,-0.756192157305235,-0.5989658544951837
0.7524124458606848,-0.5789413541753113,-0.5135997587444627,-0.756192157305235,-0.5853971885468106
-1.005614427856212,-0.6567831332648116,-0.5470362601598541,-0.7196359066067776,-0.6608900995262377
1.4325671052003368,-0.6355454465186947,-0.5379137304431358,-0.814682158422767,-0.6402932579112723
0.4757393640954027,1.742260350651137,0.4834594682755277,1.327514132506842,1.6657624806878535
-1.5382101102543801,-0.3275726291499046,-0.4056257269532137,1.693076639491417,-0.34161349034103883
0.4134879206982142,-0.5968252950862099,-0.5212817056703224,-0.756192157305235,-0.602741483280818
0.28898503390383723,1.5451720222453167,0.3988012776640135,1.327514132506842,1.474621273415118
1.4325671052003368,-0.6355454465186947,-0.5379137304431358,-0.814682158422767,-0.6402932579112723
0.4757393640954027,1.742260350651137,0.4834594682755277,1.327514132506842,1.6657624806878535
-0.5421870158993645,-0.139608760392502,-0.3248868970181585,0.04804535806082984,-0.1593214130346337
3.046493415497816,-0.595803355605587,-0.520842737274559,-0.814682158422767,-0.601750380724589
-0.9375989619222468,-0.3134804081373485,-0.3995724921306826,0.04804535806082984,-0.32794650072637305
-0.22286016736193467,1.0043957137491004,0.16651383490587743,1.327514132506842,0.9501628374106064
1.5098050071931446,2.833545724601882,0.9522150051800229,1.327514132506842,2.7241184246609627
2.1230970051061866,4.18031596870832,1.5307126410253697,1.693076639491417,4.030250007691321
1.5905013227080185,0.7981829256948626,0.07793628361790428,0.04804535806082984,0.7501725001715406
-1.6027671626662792,-0.703216494586759,-0.5669814511578343,-0.756192157305235,-0.7059223386882298
0.5368380029852359,-0.5482628931796316,-0.5004219971811684,-0.7196359066067776,-0.555644447126682
-0.6367169855025026,-0.6308291147093127,-0.5358878564579262,-0.7196359066067776,-0.6357192409553425
-1.0805467208343094,-0.6756606264485379,-0.555144981914928,-0.756192157305235,-0.6791979661899122
-0.1087325211337558,-0.6243811632244309,-0.5331181749132285,-0.756192157305235,-0.6294658557791356
-1.5382101102543801,-0.3275726291499046,-0.4056257269532137,1.693076639491417,-0.34161349034103883
-0.5421870158993645,-0.139608760392502,-0.3248868970181585,0.04804535806082984,-0.1593214130346337
-0.16521994199416756,-0.645184931222823,-0.542054317255555,-0.7781259077243096,-0.6496418721023688
1.1962421811924915,-0.5018700850116773,-0.4804942255639725,-0.7196359066067776,-0.510651537431207
0.655576867242836,2.37347019255167,0.7545921301825685,1.693076639491417,2.2779256270253283
-0.8557498419000176,-0.6743345383129677,-0.5545753681632827,-0.7781259077243096,-0.6779118926348056
-1.4517497722027295,-0.2211205999183659,-0.3598998523945255,1.693076639491417,-0.23837364073385145
0.655576867242836,2.37347019255167,0.7545921301825685,1.693076639491417,2.2779256270253283
-0.1087325211337558,-0.6243811632244309,-0.5331181749132285,-0.756192157305235,-0.6294658557791356
0.29590186094796933,1.9306297509484691,0.5643724920184255,1.693076639491417,1.8484478526594288
-0.6159665043701064,-0.1720512835868757,-0.33882240164556826,0.04804535806082984,-0.1907849862482527
0.34431965025689365,1.9902428873181308,0.5899789817712909,1.693076639491417,1.9062621684394536
-1.0805467208343094,-0.6756606264485379,-0.555144981914928,-0.756192157305235,-0.6791979661899122
0.19560786880805453,1.8071453970398843,0.5113304775303472,1.693076639491417,1.7286896271150913
-0.5179781212449023,-0.6839193185020743,-0.5550121591364481,-0.814682158422767,-0.6868750780540352
-0.2724307611782144,-0.6779358273590184,-0.5517656220427811,-0.814682158422767,-0.681011054596347
0.853859242507955,-0.6504904243225592,-0.536874228894835,-0.814682158422767,-0.6541136324453545
1.2458127750087713,-0.6409393116998405,-0.5316919631115171,-0.814682158422767,-0.6447532194143027
0.948389212111093,-0.5994080240811369,-0.5091578166444759,-0.7781259077243096,-0.6040511545158349
0.948389212111093,-0.5994080240811369,-0.5091578166444759,-0.7781259077243096,-0.6040511545158349
1.2458127750087713,-0.6409393116998405,-0.5316919631115171,-0.814682158422767,-0.6447532194143027
0.08609144060929703,-0.669199368460002,-0.5470253730468639,-0.814682158422767,-0.672449029735591
-0.5594790835096946,-0.662397210520713,-0.5433346417431983,-0.7781259077243096,-0.6657826851609554
-0.5179781212449023,-0.6839193185020743,-0.5550121591364481,-0.814682158422767,-0.6868750780540352
0.29590186094796933,-0.6266648127086599,-0.5239468709303146,-0.7781259077243096,-0.6307637281741975
-0.567548715061182,-0.6627343086132796,-0.543517545241433,-0.7781259077243096,-0.6661130526796983
-0.05224510027334404,-0.59102872863734,-0.5046113582597835,-0.7196359066067776,-0.5958391619070803
-0.7116492784805998,0.4766090873912561,0.07467014972085512,1.327514132506842,0.45048196531181955
-0.6828291657967163,-0.687936404105159,-0.5571917591570789,-0.814682158422767,-0.6908119576523893
1.3633988347590162,-0.5484700944508144,-0.48151979160764596,-0.756192157305235,-0.5541302626657767
-1.1969799760771989,-0.7004652165455486,-0.5639896725081371,-0.814682158422767,-0.7030906170990041
1.012946264522992,-0.646613796258044,-0.5347708386651354,-0.814682158422767,-0.6503144059798099
-0.25744430258259493,1.2281572455507634,0.4824469667674425,1.693076639491417,1.1870245495093819
2.3271434029080824,1.1029493825974777,0.41451138170881996,0.04804535806082984,1.0643166139762676
-1.0240592999738976,0.29481690175715825,-0.02396709397002944,1.693076639491417,0.27231948198970196
0.8457896109564675,-0.6036939855437686,-0.5114833039791749,-0.7781259077243096,-0.6082515415398531
-0.5859935871788675,0.6078365591403732,0.14587186867652677,1.327514132506842,0.5790893208224872
-0.351974272185733,-0.611896705796221,-0.5159339557695539,-0.7196359066067776,-0.6162904844959327
1.59511254073744,0.7844117504847509,0.24167846298996873,0.04804535806082984,0.7521389734973918
0.8953602047727472,0.4799198722289632,0.07646652336423215,0.04804535806082984,0.453726646299474
-0.0015217019497089782,1.218224891037642,0.47705784583731137,1.327514132506842,1.1772905065464183
0.8284975433461373,-0.6511084374922645,-0.5372095519749321,-0.814682158422767,-0.6547193062297166
-0.7116492784805998,0.4766090873912561,0.07467014972085512,1.327514132506842,0.45048196531181955
-1.1600902318418278,0.1290770062452765,-0.11389464726878291,1.693076639491417,0.10988878527439387
1.1662692640012526,-0.5587636254916856,-0.4871048805716,-0.756192157305235,-0.5642182708273933
-0.43843461023738367,1.0083411976896661,0.3631786439601974,1.693076639491417,0.9715973966623843
-0.25283308455317355,-0.6049942210436681,-0.5121887889009376,-0.7196359066067776,-0.6095258162550046
-0.8615138644367942,-0.28457044484158095,-0.33833248156101087,0.04804535806082984,-0.29549969084982847
-1.042504172091583,-0.36332699325370393,-0.381064400047404,0.04804535806082984,-0.37268376888948757
0.22327517698458274,-0.5718462419412917,-0.4942032782411868,-0.7196359066067776,-0.577039676911943
1.2158398578175325,-0.5027411329651512,-0.4567080611030625,-0.7196359066067776,-0.5093143355696281
0.608311882441267,-0.6564739154656153,-0.5401207659885019,-0.814682158422767,-0.6599776559030427
0.5852557922941602,-0.5891024538226741,-0.5035661954127277,-0.756192157305235,-0.5939513475142633
-1.214272043687529,-0.6830685471255968,-0.5545505455456651,-0.756192157305235,-0.6860412933638743
1.4440951502738901,-0.5442563682937327,-0.47923349787971153,-0.756192157305235,-0.5500006686814891
-0.9237653078339827,-0.3116586844228207,-0.35303008409773207,0.04804535806082984,-0.3220470807488195
-1.1600902318418278,0.1290770062452765,-0.11389464726878291,1.693076639491417,0.10988878527439387
1.4106638195605852,-0.48917694781187854,-0.44934837272171174,-0.7196359066067776,-0.49602097588687405
-0.03380022815565856,-0.5897445454275627,-0.503914583028413,-0.7196359066067776,-0.5945806189785355
-0.8615138644367942,-0.28457044484158095,-0.33833248156101087,0.04804535806082984,-0.29549969084982847
-1.042504172091583,-0.36332699325370393,-0.381064400047404,0.04804535806082984,-0.37268376888948757
-0.6632314891716754,-0.6335672974612129,-0.5276920377989309,-0.7196359066067776,-0.6375283964151255
-0.41307291107556615,0.7884248230153049,0.2438558855880015,1.327514132506842,0.7560719201490941
-0.25283308455317355,-0.6049942210436681,-0.5121887889009376,-0.7196359066067776,-0.6095258162550046
-0.395780843465236,-0.6149466409194421,-0.5175887969440588,-0.7196359066067776,-0.6192795239512265
0.7939134081254772,-0.5321168238888068,-0.4726467945206624,-0.7196359066067776,-0.5381035050600895
1.2158398578175325,-0.5027411329651512,-0.4567080611030625,-0.7196359066067776,-0.5093143355696281
-1.1969799760771989,-0.7004652165455486,-0.5639896725081371,-0.814682158422767,-0.7030906170990041
1.012946264522992,-0.646613796258044,-0.5347708386651354,-0.814682158422767,-0.6503144059798099
-0.29779246034003193,1.1796993947443235,0.45615458889619676,1.693076639491417,1.1395342186900757
-1.217730457209595,0.05884823696058083,-0.15199954273435642,1.693076639491417,0.041062218869602304
-0.43843461023738367,1.0083411976896661,0.3631786439601974,1.693076639491417,0.9715973966623843
-0.41307291107556615,0.7884248230153049,0.2438558855880015,1.327514132506842,0.7560719201490941
2.527731387187912,-0.4900805227742843,-0.4237026893620818,-0.756192157305235,-0.4945461208924857
-0.5652431060464713,-0.6277293330009752,-0.514279114595049,-0.7196359066067776,-0.6308817165737485
1.4244974736488494,-0.5470817825695865,-0.4612109710357943,-0.756192157305235,-0.5510035700776733
-1.2062024121360415,-0.6896981007032035,-0.5550561430729284,-0.7781259077243096,-0.6922592820202158
0.7962190171401878,-0.6069301272324074,-0.5005927071128542,-0.7781259077243096,-0.6102809420121315
0.4861146046616008,-0.5955656127403032,-0.4931145669421705,-0.756192157305235,-0.5990248486949593
-1.550890959835289,-0.7091670785350644,-0.567867226670714,-0.814682158422767,-0.7115425194535125
-0.8315409472455554,-0.2762116371891243,-0.28297151200602766,0.04804535806082984,-0.28271761423179576
-0.7243301280615085,0.6455171980588384,0.32354955267600094,1.693076639491417,0.6302176272946182
-0.17098396453094428,1.3126165812431474,0.7625179484394078,1.693076639491417,1.290952664780617
-0.2366938214501988,-0.6774798578338099,-0.5470162278719521,-0.814682158422767,-0.6801576051729276
1.2850081282588528,-0.5867265459131111,-0.4872982356983053,-0.7781259077243096,-0.5902701094482697
-0.12948300226615195,1.3626490349819707,0.7954405781216634,1.693076639491417,1.340507792592067
0.7962190171401878,-0.6069301272324074,-0.5005927071128542,-0.7781259077243096,-0.6102809420121315
-1.0159896684224101,0.2939002315054422,0.0921766274090386,1.693076639491417,0.2819552012863728
-0.7566086542674582,-0.24394864618690698,-0.26174164167520814,0.04804535806082984,-0.25076242268671395
1.3218978724942239,0.6509770888438291,0.327142299962755,0.04804535806082984,0.6356254289407088
-0.09028764901607032,-0.6253468352038885,-0.5127113703244655,-0.756192157305235,-0.6285219485827271
-0.12948300226615195,1.3626490349819707,0.7954405781216634,1.693076639491417,1.340507792592067
-0.12717739325144128,-0.6748392561087053,-0.545278644638722,-0.814682158422767,-0.6775421956495455
-0.44650424178887105,0.7380375291790432,0.38443028851699723,1.327514132506842,0.7218552842792835
0.5391436119999465,2.1687274563296772,1.3258607230024466,1.693076639491417,2.138895962887649
1.4244974736488494,-0.5470817825695865,-0.4612109710357943,-0.756192157305235,-0.5510035700776733
-0.12717739325144128,-0.6748392561087053,-0.545278644638722,-0.814682158422767,-0.6775421956495455
-0.44650424178887105,0.7380375291790432,0.38443028851699723,1.327514132506842,0.7218552842792835
-0.5594790835096946,-0.6272925417381761,-0.5139916948121087,-0.7196359066067776,-0.6304490924420613
0.9541532346478697,2.1854049409092853,1.3368349328965317,1.327514132506842,2.1554143388247993
0.4376968153526764,0.2700256181638014,0.07646652336423215,0.04804535806082984,0.25830835954301223
0.08148022257987565,1.6169806748209885,0.9627972790064622,1.693076639491417,1.5924130256336042
-1.0159896684224101,0.2939002315054422,0.0921766274090386,1.693076639491417,0.2819552012863728
-0.2366938214501988,-0.6774798578338099,-0.5470162278719521,-0.814682158422767,-0.6801576051729276
0.5391436119999465,2.1687274563296772,1.3258607230024466,1.693076639491417,2.138895962887649
0.17139897415359234,-0.5769424216264079,-0.480860032560442,-0.7196359066067776,-0.5805793288984752
0.6797857618972982,-0.5855591219925387,-0.48653004100571934,-0.756192157305235,-0.5891138231326692
0.15525971105061756,-0.6126600344344012,-0.5043631320836077,-0.756192157305235,-0.615956184030538
-0.5248949482890344,-0.6478018769414318,-0.5274873600747157,-0.756192157305235,-0.650762761898104
0.17139897415359234,-0.5769424216264079,-0.480860032560442,-0.7196359066067776,-0.5805793288984752
-0.7001212334070464,-0.6369813661129958,-0.5203671881791486,-0.7196359066067776,-0.640045482272215
-0.31739013696507273,-0.6794255643680974,-0.5482965523595954,-0.814682158422767,-0.6820847490322617
-0.5248949482890344,-0.6478018769414318,-0.5274873600747157,-0.756192157305235,-0.650762761898104
-1.0159896684224101,-0.682204384759728,-0.5460834200309549,-0.7781259077243096,-0.684472047649845
0.3178051465877208,-0.6276598857247623,-0.5037595505394331,-0.7781259077243096,-0.6298670163376093
0.2601649212199537,-0.5723768123726998,-0.46086258342010905,-0.7196359066067776,-0.5745225910548535
0.8434840019417569,-0.6061626587930905,-0.4870787515004236,-0.7781259077243096,-0.6083459322594938
0.8457896109564675,-0.6060683727100568,-0.4870055901011297,-0.7781259077243096,-0.6082515415398531
-0.6655370981863861,-0.6881247650568825,-0.5506773462282843,-0.814682158422767,-0.6903989982539606
-0.399239256987302,-0.642109227949669,-0.5149715349812234,-0.756192157305235,-0.6443323941225706
-0.5456454294214305,-0.6852647538715285,-0.5484581171163694,-0.814682158422767,-0.6875358130915212
-1.2234944797463716,-0.7014348171117992,-0.5610052970952735,-0.814682158422767,-0.7037238215099282
-0.030341814633592534,-0.6729722057960166,-0.538919699683427,-0.814682158422767,-0.6752296230183445
0.15064849302119618,-0.6345191982654602,-0.5090820423380644,-0.7781259077243096,-0.6367339411914816
0.6993834385223391,-0.6120555389826935,-0.4916513389562924,-0.7781259077243096,-0.6142453522370475
-0.030341814633592534,-0.6729722057960166,-0.538919699683427,-0.814682158422767,-0.6752296230183445
-0.5456454294214305,-0.6852647538715285,-0.5484581171163694,-0.814682158422767,-0.6875358130915212
0.17601019218301373,1.7049070939654274,1.3061985969422105,1.693076639491417,1.7052885945374623
-1.3376221259745507,-0.18847531095402736,-0.1629737526284416,1.327514132506842,-0.19019504425049735
0.6601880852722575,1.8539969627623842,1.4218850595756918,1.327514132506842,1.8545439199695675
0.4238631612644123,-0.5612196258803847,-0.4522051511703308,-0.7196359066067776,-0.5633530225640188
0.6601880852722575,1.8539969627623842,1.4218850595756918,1.327514132506842,1.8545439199695675
1.0279327231186115,0.5112059968915063,0.3799447979650497,0.04804535806082984,0.5102627544176956
0.10799472624904853,1.2894590405984134,0.9838311813034587,1.327514132506842,1.2893794861199361
-1.3376221259745507,-0.18847531095402736,-0.1629737526284416,1.327514132506842,-0.19019504425049735
2.195723689069573,1.008663299563829,0.7659473890313094,0.04804535806082984,1.008272124189509
0.56796372468383,-0.5926679631588995,-0.47660752622648395,-0.756192157305235,-0.5948362605108962
1.524791465788764,-0.5437570575851943,-0.43865505034277275,-0.756192157305235,-0.5458710746972016
-0.08452362647929361,-0.5958697613952505,-0.4790919654108394,-0.7196359066067776,-0.5980416120320337
-0.5594790835096946,0.6070635146423823,0.4543255539138492,1.327514132506842,0.6062266527192336
-0.23554101694284343,0.9382433812980727,0.7113049689336769,1.327514132506842,0.9377740554577438
1.3311203085530665,-0.5862211522314739,-0.47160511554976353,-0.7781259077243096,-0.5883822950554527
0.5956310328603582,-0.6580396473955625,-0.5273327630702555,-0.814682158422767,-0.6602804927952237
0.05842413243276882,1.2387802709678273,0.9445069291829868,1.327514132506842,1.2386444743129754
-1.1520206002903404,-0.6686271888028826,-0.5355481785326331,-0.7196359066067776,-0.6708797840215617
0.5518244615808553,0.30839270369933514,0.22257157969223115,0.04804535806082984,0.3072243835235606
0.4238631612644123,-0.5612196258803847,-0.4522051511703308,-0.7196359066067776,-0.5633530225640188
-0.21594334031780263,-0.6048269392834471,-0.48604229834376,-0.7196359066067776,-0.6070087303979151
-0.2724307611782144,0.9005289480846134,0.6820404092161165,1.327514132506842,0.9000177676014011
-1.1762294949448027,-0.6702771952559715,-0.5368285030202764,-0.7196359066067776,-0.6725316216152767
1.8867720810983415,-0.5635217777411229,-0.45399150866975685,-0.7781259077243096,-0.5656577293019163
-0.7485390227159707,0.41377704442340274,0.3043446853613519,1.327514132506842,0.4127256774554768
1.3126754364353812,2.5210710002254477,1.9395019595800422,1.327514132506842,2.522358261428631
0.04228486932979403,0.09133828338229003,0.05414794173439625,0.04804535806082984,0.08992908101700431
1.4613872178842202,3.2380380899604835,2.4958334333774155,1.693076639491417,3.240121025364314
-0.7081908649585338,-0.22835046690367458,-0.19391492774648728,0.04804535806082984,-0.23011445276527648
-0.5652431060464713,-0.6286341752494434,-0.50451555166547,-0.7196359066067776,-0.6308423871072315
-0.2724307611782144,0.9005289480846134,0.6820404092161165,1.327514132506842,0.9000177676014011
-1.291509945680337,-0.7032016250969616,-0.56077666772248,-0.814682158422767,-0.7053481284770813
-0.3761831668401952,-0.6168315177227403,-0.48335100401259157,-0.7196359066067776,-0.6179423220896477
-1.557807786879421,-0.7094858432225968,-0.5664100954681104,-0.814682158422767,-0.711707703212884
-0.3761831668401952,-0.6168315177227403,-0.48335100401259157,-0.7196359066067776,-0.6179423220896477
-0.07875960394251691,0.03164382949029872,0.09796857151980579,0.04804535806082984,0.03830915621341064
-1.2892043366656263,-0.687912748098663,-0.5470710989214226,-0.756192157305235,-0.6898759163492841
-0.28395880625176784,1.136142772783752,1.088086175297268,1.693076639491417,1.1560525946272255
1.029085527625967,-0.5706811836213687,-0.4419799746499689,-0.756192157305235,-0.571238580600682
-1.0378929540621615,-0.6614467459740028,-0.5233459022932575,-0.7196359066067776,-0.663092549651191
-1.1105196380255482,-0.6663435393186536,-0.5277355862508916,-0.7196359066067776,-0.6680480624323359
-0.053397904780699376,1.1046633869967115,1.0598667784267632,1.327514132506842,1.1241957267484364
-0.3750303623328399,0.7793764005306241,0.7682663440982144,1.327514132506842,0.7950080920009477
-1.0344345405400956,-0.6750295179895224,-0.5355220494614567,-0.756192157305235,-0.6768381981988908
-0.5698543240758926,-0.1753039844800616,-0.08754783383258638,0.04804535806082984,-0.17112025298974085
-0.40269767050936806,-0.6822270269373741,-0.5419741881039475,-0.814682158422767,-0.6841220153978436
-0.5917576097156442,-0.6866885497625004,-0.545973677932014,-0.814682158422767,-0.6886370381539979
-0.27934758822234645,-0.6103024599298725,-0.4774980920690794,-0.7196359066067776,-0.6113349717147877
0.9818205428243979,2.15164444021014,1.998423015082809,1.327514132506842,2.183731554717056
-1.072477089282822,-0.6980327876776079,-0.5561431124338663,-0.814682158422767,-0.7001173094303171
-0.011896942515907057,-0.6730047328049484,-0.5337069499837367,-0.814682158422767,-0.6747891329933539
0.9230275129492754,-0.6509419583465497,-0.5139289850412854,-0.814682158422767,-0.6524617948516395
0.37544537195548794,-0.5661535929495289,-0.43792125892723577,-0.7196359066067776,-0.5666566977514488
1.5962653452447952,-0.483840828632304,-0.36413276192510113,-0.7196359066067776,-0.4833568876683924
0.6198399275148204,2.202555545618811,2.044061792737576,1.693076639491417,2.235253155854357
0.38927902604375203,-0.6635375990052903,-0.525220227665644,-0.814682158422767,-0.6652084749498068
-0.28395880625176784,1.136142772783752,1.088086175297268,1.693076639491417,1.1560525946272255
-1.1647014498712494,-0.6885889719414957,-0.5476772933727149,-0.7781259077243096,-0.6905602490666803
1.4971241576122358,-0.6373941634263492,-0.5017841927584977,-0.814682158422767,-0.638751542823805
0.8411783929270462,-0.6528734712769396,-0.515660471491241,-0.814682158422767,-0.6544164693375355
-1.4090960054305819,-0.26643874950550667,-0.16924472971077598,1.327514132506842,-0.26334785197216154
-1.1220476830991015,0.02387114164164669,0.09100081920610091,1.327514132506842,0.03044326291000589
-1.191215953540422,0.0649692286413943,0.12784280956481542,1.693076639491417,0.07203417375175851
0.8411783929270462,-0.6528734712769396,-0.515660471491241,-0.814682158422767,-0.6544164693375355
-1.4148600279673584,-0.1982334136335851,-0.10810270315801575,1.693076639491417,-0.19432463823478485
-1.3675950431657895,-0.14246437831950676,-0.05810908030718331,1.693076639491417,-0.13788685378285578
0.6060062734265563,1.7715600044110558,1.657699926942641,1.327514132506842,1.7990893721805639
-0.9226125033266274,0.2255723913141669,0.27181399174674226,1.327514132506842,0.23456319413335916
-1.0378929540621615,-0.6614467459740028,-0.5233459022932575,-0.7196359066067776,-0.663092549651191
1.4971241576122358,-0.6373941634263492,-0.5017841927584977,-0.814682158422767,-0.638751542823805
-0.27934758822234645,-0.6103024599298725,-0.4774980920690794,-0.7196359066067776,-0.6113349717147877
0.9818205428243979,2.15164444021014,1.998423015082809,1.327514132506842,2.183731554717056
-0.10181569408962375,-0.5983325206429484,-0.46676775350597394,-0.7196359066067776,-0.5992214960275444
-1.0344345405400956,-0.6750295179895224,-0.5355220494614567,-0.756192157305235,-0.6768381981988908
-0.26897234765614836,-0.65235270119108,-0.5151936320862228,-0.7781259077243096,-0.6538894544862074
-1.1220476830991015,0.02387114164164669,0.09100081920610091,1.327514132506842,0.03044326291000589
-1.3503029755554594,-0.6825495934830931,-0.5422633498249662,-0.7196359066067776,-0.6844484499699348
-0.5929104142229995,0.5451565904999933,0.7136565853395525,1.327514132506842,0.572010016849423
-1.4309992910703333,-0.6995479548936702,-0.5554167242551625,-0.7781259077243096,-0.7014623771851993
2.5300369962026226,3.6686809032142373,3.898333102996304,1.327514132506842,3.767725818690188
0.06649376398425622,1.525017949568187,1.7127016217689488,1.693076639491417,1.5745181183683583
-1.4828754939013238,-0.3451372139731085,-0.19406734732834957,1.327514132506842,-0.33886042768484714
0.8215807163020054,-0.609411473342352,-0.46351555511355214,-0.7781259077243096,-0.6092426440960821
0.28667942488912657,0.17583458158482385,0.3371040083487549,0.04804535806082984,0.19415216728711726
0.0030895160797123904,-0.6731274483386459,-0.5284789583258599,-0.814682158422767,-0.6744312348480489
1.3703156618031482,0.6275164556158664,0.7976288878326863,0.04804535806082984,0.6562733988621463
-1.4690418398130596,-0.33129845017300846,-0.1799576488930972,1.327514132506842,-0.3247018197387186
1.1028650160967088,2.2415583863289217,2.4432704518609043,1.327514132506842,2.307619374245681
0.9322499490081182,2.5354399120282682,2.742905575576194,1.693076639491417,2.608293145768328
2.382478019261139,-0.5045713052534275,-0.35662283138448614,-0.756192157305235,-0.5019793900642031
-0.5929104142229995,0.5451565904999933,0.7136565853395525,1.327514132506842,0.572010016849423
-0.439587414744739,-0.6457266960144479,-0.5005417554240602,-0.756192157305235,-0.6463971911147144
-1.4309992910703333,-0.6995479548936702,-0.5554167242551625,-0.7781259077243096,-0.7014623771851993
-0.32776537753127083,0.8103995633352439,0.9840924720152227,1.327514132506842,0.8433833358168868
0.1921494552859885,-0.6345980234585341,-0.48919520626571145,-0.7781259077243096,-0.6350113105580361
1.3703156618031482,0.6275164556158664,0.7976288878326863,0.04804535806082984,0.6562733988621463
-1.571641440967685,-0.7023503045631905,-0.5582739381883012,-0.756192157305235,-0.7043294952942903
2.5196617556364247,3.658301830364162,3.8877508291698644,1.327514132506842,3.7571068627305912
-0.34736305415631163,1.0420066519341402,1.2202339527718769,1.693076639491417,1.0803433715819548
-1.2004383895992647,-0.4440267136279899,-0.2948929007302571,0.04804535806082984,-0.44003548029989076
0.5783389652500281,0.297404277467647,0.46105378974177047,0.04804535806082984,0.31853160514720485
-0.3911696254358146,0.9908801078948818,1.1681064557749723,1.693076639491417,1.0280351811143134
0.40080707111730546,-0.626248635965807,-0.48068235487644256,-0.7781259077243096,-0.6264689504305384
1.211228639788111,2.3499620360963718,2.553796422937048,1.327514132506842,2.418528469823688
-0.2954868513253212,1.1018785258748507,1.2812779953077256,1.693076639491417,1.1415990156822193
-0.8396105787970427,-0.6758836687954991,-0.531289139930881,-0.7781259077243096,-0.6772511575973195
0.29820746996268,1.43660362528977,1.6225563262103921,1.327514132506842,1.4840603453792036
0.7212867241620906,-0.613424714844381,-0.4676073676597754,-0.7781259077243096,-0.6133486404004593
-0.439587414744739,-0.6457266960144479,-0.5005417554240602,-0.756192157305235,-0.6463971911147144
-0.8430689923191088,-0.29506779772413544,-0.14301767451747124,0.04804535806082984,-0.2876337975464237
0.5333795894631698,2.0699192741971255,2.2682709976570106,1.693076639491417,2.13201330624717
-0.3911696254358146,0.9908801078948818,1.1681064557749723,1.693076639491417,1.0280351811143134
-0.735858173135062,-0.6605457055837216,-0.5156508908318096,-0.756192157305235,-0.661558700457027
0.0987722901902058,-0.5862392321792956,-0.4398896489558574,-0.7196359066067776,-0.5855348416796201
-1.089769156893152,-0.6655045959454241,-0.5207068661044417,-0.7196359066067776,-0.6666322016377231
-0.9099316537457186,-0.6944391445907999,-0.5502078939161485,-0.814682158422767,-0.6962354910850869
-0.03264742364830322,-0.6435932199285991,-0.4983665102486255,-0.7781259077243096,-0.6442144057230196
-1.2534673969376107,-0.7024579393927468,-0.5583836802872421,-0.814682158422767,-0.704439617800538
-0.732399759612996,-0.6416711694008074,-0.49640682991039603,-0.7196359066067776,-0.6422479323971684
-0.6574674666348986,-0.636673838028549,-0.4913116610309993,-0.7196359066067776,-0.6371351017499552
-1.4390689226218207,-0.7067902412823892,-0.5628007997696113,-0.814682158422767,-0.7088720486770066
0.4134879206982142,-0.6257412146264701,-0.48016499926714995,-0.7781259077243096,-0.6259498014725138
1.1754917000600953,-0.564942912331364,-0.4181763908082745,-0.756192157305235,-0.563746317229189
-1.4390689226218207,-0.7067902412823892,-0.5628007997696113,-0.814682158422767,-0.7088720486770066
1.2377431434572839,-0.5102797953209688,-0.36244308198902775,-0.7196359066067776,-0.5078198158419812
-1.2534673969376107,-0.7024579393927468,-0.5583836802872421,-0.814682158422767,-0.704439617800538
-0.6574674666348986,-0.636673838028549,-0.4913116610309993,-0.7196359066067776,-0.6371351017499552
0.026145606226819235,-0.6224602532540954,-0.4768196071875324,-0.756192157305235,-0.6225930315052858
-1.501320366019009,-0.7023618368663572,-0.5582856962703305,-0.7781259077243096,-0.7043412941342455
-1.4090960054305819,-0.6988671688210133,-0.5525059457261123,-0.7781259077243096,-0.7005656653486112
0.8296503478534928,-0.6545222949297037,-0.5017110313592038,-0.814682158422767,-0.6546917756031547
-1.4090960054305819,-0.6988671688210133,-0.5525059457261123,-0.7781259077243096,-0.7005656653486112
2.1184857870767653,0.9209354219024806,1.302899801706191,0.04804535806082984,0.9750878868157702
-0.14562226536912676,-0.012183146830225639,0.23405748389685402,0.04804535806082984,0.009795292988568419
0.8123582802431626,2.361316919214403,2.952787339800573,1.693076639491417,2.465133887646361
0.22558078599929343,0.14084164519011122,0.40934000303849216,0.04804535806082984,0.168096395719589
0.5345323939705251,-0.5983156234954513,-0.43732899998057084,-0.756192157305235,-0.5965470923043867
0.39850146210259474,-0.5679007580007259,-0.4024902384120465,-0.7196359066067776,-0.5650835190907678
-1.1727710814227366,-0.042407919415608945,0.19943646458813294,1.327514132506842,-0.021471632892465467
0.6440488221692826,-0.5928979755792033,-0.43112334557617743,-0.756192157305235,-0.5909426433257109
-1.5762526589971064,-0.6981524194818872,-0.551687234829252,-0.7196359066067776,-0.6998262713780912
-1.0690186757607558,-0.6776413945638818,-0.5281928449964784,-0.756192157305235,-0.6786080241921568
-1.2661482465185194,-0.6873931608131282,-0.5393630229243865,-0.756192157305235,-0.6886960323537734
-0.9433629844590236,-0.6714253564283973,-0.5210726731009112,-0.756192157305235,-0.6721776564166234
-1.1174364650696802,0.133808207544456,0.4012835394257709,1.693076639491417,0.16082044441393964
-0.014202551530617741,0.04199333233225387,0.296114027940788,0.04804535806082984,0.06583978277532726
0.7904549946034111,1.8999614282412878,2.424326875258019,1.327514132506842,1.9878708114622778
-1.5762526589971064,-0.6981524194818872,-0.551687234829252,-0.7196359066067776,-0.6998262713780912
1.2181454668322431,-0.6455537114669466,-0.49143795154168524,-0.814682158422767,-0.6454139544517888
0.35469489082309175,0.19406765980588056,0.4703078357834098,0.04804535806082984,0.22315764884342226
-0.870736300495637,0.2564181340700675,0.5417272969988847,1.327514132506842,0.28765797393134124
-1.4609722082615721,-0.5544231707283758,-0.38705231219199415,0.04804535806082984,-0.5511412232104829
-1.1151308560549695,-0.6799225094759862,-0.5308057521141177,-0.756192157305235,-0.6809677921831783
1.3818437068767015,3.018658199719154,3.705740074200305,1.693076639491417,3.145140363725702
-1.356066998092236,-0.22375655492790877,-0.008289651264193485,1.327514132506842,-0.20907318817866877
0.7904549946034111,1.8999614282412878,2.424326875258019,1.327514132506842,1.9878708114622778
0.6440488221692826,-0.5928979755792033,-0.43112334557617743,-0.756192157305235,-0.5909426433257109
1.0613640538319165,0.4853850433725467,0.8039978489319322,0.04804535806082984,0.5245196860301168
0.301665883484746,1.7718388073447573,2.2775685921506104,1.693076639491417,1.855330509299908
-1.1866047355110008,-0.44131788966986596,-0.25749566760904424,0.04804535806082984,-0.4341360603223372
0.7282035512062226,2.2641794425406236,2.841521045041098,1.693076639491417,2.3646471006953655
1.5962653452447952,2.6972110900217756,3.3375379128729636,1.327514132506842,2.812609724324266
2.204946125128416,-0.5558640749811884,-0.38870279852130296,-0.7781259077243096,-0.5526318099914781
0.4964898452277988,-0.5614375990830969,-0.39508700157873505,-0.7196359066067776,-0.5583975097828737
1.113240256662907,-0.5990455802673247,-0.4381651302582154,-0.7781259077243096,-0.5973022180615136
-1.039045758569517,0.22429243239126387,0.5049288550921308,1.693076639491417,0.2544245747244562
0.5345323939705251,-0.5983156234954513,-0.43732899998057084,-0.756192157305235,-0.5965470923043867
-0.870736300495637,0.2564181340700675,0.5417272969988847,1.327514132506842,0.28765797393134124
-0.47301874545804395,-0.6624291461294826,-0.5038118086817859,-0.7781259077243096,-0.6622430331744232
1.0648224673539826,-0.6498419540444903,-0.4877737847937157,-0.814682158422767,-0.6490755277845237
-0.47301874545804395,-0.6624291461294826,-0.5038118086817859,-0.7781259077243096,-0.6622430331744232
-1.4114016144452926,-0.6948219917102149,-0.5450852895120166,-0.756192157305235,-0.6961293015254909
-1.3099548177980223,-0.6951829147807522,-0.5455451611647212,-0.7781259077243096,-0.6965068644040543
-0.03380022815565856,-0.674922347831522,-0.5197300743269643,-0.814682158422767,-0.6753122148980303
-0.695510015377625,-0.6711364152061975,-0.5149062123032824,-0.7781259077243096,-0.671351737619766
1.8348958782673512,-0.5360440166672069,-0.342777472052635,-0.756192157305235,-0.5300311320574703
-1.3099548177980223,-0.6951829147807522,-0.5455451611647212,-0.7781259077243096,-0.6965068644040543
0.37890378547755393,-0.6290888774885894,-0.4613311647632057,-0.7781259077243096,-0.6273656622671266
-0.9410573754443129,0.32568799023430445,0.7552018085100177,1.693076639491417,0.37142973761260184
1.386454924906123,2.4540062218095784,3.4670074605519923,1.327514132506842,2.597870837141316
0.9599172571846464,0.4306752479921909,0.888971765820161,0.04804535806082984,0.48125727286139064
-0.05570351379541006,-0.6285023774989662,-0.46058387332756084,-0.756192157305235,-0.626752122589461
1.265410451633812,-0.6452627425870471,-0.481939163200027,-0.814682158422767,-0.6442851987627503
-0.9710302926355517,0.2914754908396127,0.7116098080974015,1.693076639491417,0.3356399230821102
1.59511254073744,-0.4915019953074753,-0.28602425848846963,-0.7196359066067776,-0.48343554660142646
0.6325207770957292,-0.5948350223253986,-0.4176864707237172,-0.756192157305235,-0.5915325853234662
-0.8476802103485301,0.26816587586740515,0.6819097638602345,1.327514132506842,0.31125565384155546
-0.5606318880170499,-0.6321116082043402,-0.4651825898546061,-0.7196359066067776,-0.6305277513750953
0.5725749427132514,2.05276127698557,2.9557595216468875,1.693076639491417,2.17812710573838
2.787112401342864,-0.534842840694509,-0.34124717945073757,-0.7781259077243096,-0.5287745556022514
0.9426251895743163,-0.6070500124938991,-0.4332502519699359,-0.7781259077243096,-0.6043107289948473
0.9057354453389453,-0.5364669945119274,-0.34331660188790786,-0.7196359066067776,-0.5304735885557869
0.433085597323255,-0.604591224075863,-0.4301173763358863,-0.756192157305235,-0.6017385818846339
0.9599172571846464,0.4306752479921909,0.888971765820161,0.04804535806082984,0.48125727286139064
1.59511254073744,-0.4915019953074753,-0.28602425848846963,-0.7196359066067776,-0.48343554660142646
-0.27934758822234645,0.8242129814140984,1.3903995288081379,1.327514132506842,0.8929384636283367
1.3795380978619909,-0.5055629565971618,-0.30394009162508323,-0.7196359066067776,-0.49814476707879335
-1.0989915929519947,-0.6795391554421465,-0.5256125992178096,-0.756192157305235,-0.6801418733863208
-1.4575137947395063,-0.26381969164346086,0.004078109092632659,1.693076639491417,-0.2452562973743306
0.23019200402871481,-0.6688956844766111,-0.5120511757927418,-0.814682158422767,-0.6690077014153514
0.1448844704844195,-0.6382473004034762,-0.47300040795058296,-0.7781259077243096,-0.6369463203106736
-1.2154248481948844,-0.4561240151641732,-0.24094725586399515,0.04804535806082984,-0.4464265186089071
1.5294026838181853,-0.49578795677010706,-0.29148523436433577,-0.7196359066067776,-0.48791910578436715
1.794547720509914,0.7709204342800593,1.3224966050884859,0.04804535806082984,0.8371889448404556
1.1766445045674507,-0.5187968025168668,-0.320802052224249,-0.7196359066067776,-0.5119887392927857
-0.2021096862295385,-0.04303628208815622,0.2853902216454766,0.04804535806082984,-0.01429400525310863
-0.7623726768042348,-0.2714329126626093,-0.005622308581603339,0.04804535806082984,-0.2532205143440279
-1.4575137947395063,-0.26381969164346086,0.004078109092632659,1.693076639491417,-0.2452562973743306
0.6325207770957292,-0.5948350223253986,-0.4176864707237172,-0.756192157305235,-0.5915325853234662
-1.4160128324747139,-0.7064767991963186,-0.5599353116306002,-0.814682158422767,-0.7083214361457683
-0.8326937517529107,0.4362798206026252,1.0478474056856222,1.693076639491417,0.50082368245361
0.9310971445007629,0.4061691037628471,1.005518310379865,0.04804535806082984,0.46896681457482076
0.6313679725883738,0.28535449915879924,0.835679347733309,0.04804535806082984,0.34114604839449353
1.2458127750087713,-0.5665371581977123,-0.3618943714943235,-0.756192157305235,-0.5601476710428813
-1.0736298937901771,-0.678727458719256,-0.5196094451150333,-0.756192157305235,-0.678844000991259
0.18984384627127782,1.2607930298696348,2.2069330030704273,1.327514132506842,1.3731512498011966
0.9357083625301842,-0.6535050866503801,-0.4841522955286676,-0.814682158422767,-0.6521589579594583
1.2976889778397616,-0.6453343020066972,-0.4726659558395251,-0.814682158422767,-0.6435143412190165
0.12298118484466798,-0.5889715009295718,-0.3934321604042302,-0.7196359066067776,-0.5838830040859051
-0.48685239954630805,0.6061637415381633,1.2866671162378567,1.327514132506842,0.6805593444364085
2.174973207937177,3.181187637206593,4.906588637015378,1.327514132506842,3.404911490070644
-0.8326937517529107,0.4362798206026252,1.0478474056856222,1.693076639491417,0.50082368245361
0.6313679725883738,0.28535449915879924,0.835679347733309,0.04804535806082984,0.34114604839449353
-0.8107904661131592,-0.649192934609128,-0.4780903510157443,-0.7196359066067776,-0.6475967398434836
0.12298118484466798,-0.5889715009295718,-0.3934321604042302,-0.7196359066067776,-0.5838830040859051
-0.016508160545328426,1.357444713552873,2.3428041731876723,1.693076639491417,1.4754078627454585
-0.28741721977383383,0.7990953716597043,1.5578868750488186,1.327514132506842,0.8846792756597618
0.6244511455442419,1.6812278538917214,2.797972593080443,1.327514132506842,1.8179675161087354
-0.4741715499653993,0.8409158117149517,1.6166772851957036,1.693076639491417,0.9289249254914135
-1.4160128324747139,-0.6952883529811339,-0.5428904475331996,-0.756192157305235,-0.696365278324593
-0.43267058770060696,-0.6248069713413571,-0.4438090096323164,-0.7196359066067776,-0.6217966098083161
-0.24591625750904153,1.0985297224552752,1.9788262117005142,1.693076639491417,1.201478128454388
-0.7174133010173764,0.5663878563300614,1.230750903920375,1.693076639491417,0.6384768152631931
-0.8107904661131592,-0.649192934609128,-0.4780903510157443,-0.7196359066067776,-0.6475967398434836
0.5771861607426728,-0.6223981139941748,-0.4404226820078558,-0.7781259077243096,-0.6192480603780128
2.6130389207322073,-0.5004329826170515,-0.26896632985548086,-0.756192157305235,-0.4902100472089838
-1.1358813371873657,0.09409568663946807,0.5668112053282222,1.693076639491417,0.13879594316440633
-0.7174133010173764,0.5663878563300614,1.230750903920375,1.693076639491417,0.6384768152631931
0.8976658137874579,0.3926936286339341,0.98657473377698,0.04804535806082984,0.4547098829623996
-0.43267058770060696,-0.6248069713413571,-0.4438090096323164,-0.7196359066067776,-0.6217966098083161
-1.5428213282838015,-0.3651856794783816,-0.0788381434404553,1.693076639491417,-0.34711961565342214
2.0908184789002373,-0.6274444470941747,-0.4475167248322466,-0.814682158422767,-0.6245870354576989
1.2976889778397616,-0.6453343020066972,-0.4726659558395251,-0.814682158422767,-0.6435143412190165
1.083267339471668,-0.5743994009280989,-0.3729469686019379,-0.756192157305235,-0.5684658532112318
1.053294422280429,-0.5290102833214705,-0.30913977678918547,-0.7196359066067776,-0.5204445745939458
1.2135342488028218,-0.5977742388896452,-0.40580688851337,-0.7781259077243096,-0.5931962217571364
-0.08913484450871498,-0.6026514315431993,-0.4126631567900556,-0.7196359066067776,-0.5983562477641698
-0.13524702480292866,-0.6776791596885378,-0.5181357655006846,-0.814682158422767,-0.6777349100354789
-0.08913484450871498,-0.6026514315431993,-0.4126631567900556,-0.7196359066067776,-0.5983562477641698
1.3288146995383558,-0.5933133919504188,-0.3995359114310356,-0.7781259077243096,-0.5884766857750935
1.1051706251114195,-0.5749665114409693,-0.35468928011743306,-0.756192157305235,-0.5673449634154967
1.1051706251114195,-0.5749665114409693,-0.35468928011743306,-0.756192157305235,-0.5673449634154967
-0.790039984980763,0.47077323507445573,1.256204974091378,1.693076639491417,0.5517553415931558
0.20944152289631865,1.5859913063113626,2.9741260812612937,1.693076639491417,1.7452080030522414
-1.3445389530186826,-0.6839892304498435,-0.5226317076811027,-0.7196359066067776,-0.6840158258382476
-0.7208717145394425,0.547307808590714,1.3741015206618625,1.693076639491417,0.6336589556148577
-0.35773829472250973,-0.6830851485730127,-0.521239028187401,-0.814682158422767,-0.6830483209619288
-1.1577846228271171,-0.6898400367421788,-0.53164449529888,-0.7781259077243096,-0.6902770769077577
0.7454956188165528,-0.550729031856829,-0.3173530148289651,-0.7196359066067776,-0.5414071802475194
-0.4142257155829215,-0.6246726390187554,-0.43125834577725547,-0.7196359066067776,-0.6205380668797713
-0.19519285918540646,-0.6794706375090458,-0.5156709231197116,-0.814682158422767,-0.6791802679299795
-0.9237653078339827,0.17327149552386212,0.7979228398834207,1.327514132506842,0.23338331013784847
1.190478158655715,-0.5223570314944993,-0.2736477884412513,-0.7196359066067776,-0.5110448320963772
1.2677160606485227,-0.5174323578564785,-0.2660616481097051,-0.7196359066067776,-0.505774683583096
1.1801029180895168,2.6690519937179094,4.6425108243259645,1.693076639491417,2.9042473813089313
-0.029189010126237192,0.010738889821267885,0.5475519024486224,0.04804535806082984,0.059448744466310904
-1.1958271715698434,-0.6912953880561015,-0.5338863696058145,-0.7781259077243096,-0.691834523781832
1.2538824065602587,-0.6471203304971375,-0.4658375585720943,-0.814682158422767,-0.6445605050283694
-0.04993949125863335,-0.6302037090375774,-0.4397786004033577,-0.756192157305235,-0.6264571515905833
-0.4142257155829215,-0.6246726390187554,-0.43125834577725547,-0.7196359066067776,-0.6205380668797713
-1.4425273361438866,-0.25726993484490923,0.13470169074861865,1.693076639491417,-0.22736139010908482
-0.6862875793187823,-0.6718025007605319,-0.5038588410099033,-0.7781259077243096,-0.6709741747412026
2.7548338751369146,-0.49610739734353915,-0.23321174434222391,-0.756192157305235,-0.4829537606365929
1.1801029180895168,2.6690519937179094,4.6425108243259645,1.693076639491417,2.9042473813089313
-0.48224118151688666,-0.6858635465359559,-0.5255189700460942,-0.814682158422767,-0.6860216286306158
-1.1577846228271171,-0.6898400367421788,-0.53164449529888,-0.7781259077243096,-0.6902770769077577
-1.0932275704152181,-0.6800935930943941,-0.5166307310009244,-0.756192157305235,-0.679846902387443
-1.3814286972540535,-0.698395738405845,-0.5448239988002527,-0.7781259077243096,-0.6994329767129209
1.1489771963909226,2.155636391306323,3.851627388268501,1.327514132506842,2.3548147340661094
-0.6862875793187823,-0.6718025007605319,-0.5038588410099033,-0.7781259077243096,-0.6709741747412026
-0.029189010126237192,0.010738889821267885,0.5475519024486224,0.04804535806082984,0.059448744466310904
-0.04993949125863335,-0.6302037090375774,-0.4397786004033577,-0.756192157305235,-0.6264571515905833
0.05842413243276882,0.045652620837088015,0.6013342406200318,0.04804535806082984,0.09681173765748347
-0.48224118151688666,-0.6858635465359559,-0.5255189700460942,-0.814682158422767,-0.6860216286306158
-1.3814286972540535,-0.698395738405845,-0.5448239988002527,-0.7781259077243096,-0.6994329767129209
0.1863854327492118,-0.6384176236502467,-0.4524316031205262,-0.7781259077243096,-0.6352472873571382
1.1190042791996837,-0.5290930793442061,-0.2582055073760029,-0.7196359066067776,-0.5159216859444881
0.15525971105061756,-0.589834945166672,-0.3601437237255052,-0.7196359066067776,-0.5816805539609518
1.5997237587668613,-0.6402884758211221,-0.44481584984164674,-0.814682158422767,-0.6363013170597944
-1.5312932832102482,-0.709356917987194,-0.5607278934562842,-0.814682158422767,-0.7110744988019599
-1.5163068246146285,-0.709026325296414,-0.5601730861783054,-0.814682158422767,-0.710716600656655
1.5997237587668613,-0.6402884758211221,-0.44481584984164674,-0.814682158422767,-0.6363013170597944
-1.5335988922249588,-0.7013282383539614,-0.5472540024196574,-0.756192157305235,-0.7023826867016977
0.944930798589027,-0.5400643972140534,-0.276617792864968,-0.7196359066067776,-0.5277991848326292
0.18292701922714577,-0.6201877136443457,-0.4110823479838839,-0.756192157305235,-0.6145403232359251
-0.2482218665237522,-0.6557500416668408,-0.4707637594578837,-0.7781259077243096,-0.6530399380094397
-1.5312932832102482,-0.709356917987194,-0.5607278934562842,-0.814682158422767,-0.7110744988019599
-0.2482218665237522,-0.6557500416668408,-0.4707637594578837,-0.7781259077243096,-0.6530399380094397
0.46882253705127064,-0.6286341752494434,-0.42525736909707723,-0.7781259077243096,-0.6236844242011331
-0.9306821348781148,0.15650530091989476,0.8923794321860823,1.327514132506842,0.2263040061647842
-0.6747595342452288,-0.25192198766208673,0.20694857255134602,0.04804535806082984,-0.21585752115285536
-0.12948300226615195,0.9139621803447837,2.1635587449176144,1.327514132506842,1.0463233830447294
-0.6897459928408483,0.38428729775414194,1.2746477434967158,1.327514132506842,0.4728997612265231
-0.10988532564111114,-0.6340290120165702,-0.4343110922596974,-0.756192157305235,-0.6295248499789112
0.7973718216475432,-0.5911427843829452,-0.36233856570432216,-0.756192157305235,-0.5830964147555646
1.3979829699796764,0.5645693008306892,1.5772006134933694,0.04804535806082984,0.6680722388172535
0.7143698971179585,2.1158119267991666,4.180527071701351,1.693076639491417,2.3474404590941678
-0.47186594095068857,0.8080635326937741,1.9858375124661798,1.693076639491417,0.9316779881476052
-1.6235176437986754,-0.46217530611156127,-0.14590275945986467,1.693076639491417,-0.44347680862013034
-1.406790396415871,-0.7066104556330204,-0.5561187253007683,-0.814682158422767,-0.708101191133273
0.1368148389329321,-0.6725594084826632,-0.498973575668957,-0.814682158422767,-0.6712376821668666
0.7973718216475432,-0.5911427843829452,-0.36233856570432216,-0.756192157305235,-0.5830964147555646
-1.554349373357355,-0.6975863650407353,-0.5409743156469308,-0.7196359066067776,-0.6983317516504443
0.9933485878979513,-0.5818789232676769,-0.3467917683543682,-0.756192157305235,-0.5730674007937236
0.15525971105061756,-0.6214955528606187,-0.4132771899627008,-0.756192157305235,-0.615956184030538
1.5051937891637233,-0.5894425934017901,-0.35948527113186,-0.7781259077243096,-0.5812557957225679
0.14142605696235344,-0.6724576876547308,-0.4988028657372713,-0.814682158422767,-0.6711275596606189
-1.0471153901210044,0.17357986846568363,0.9210343135761936,1.693076639491417,0.24478885542778533
0.7074530700738265,-0.6196100846571583,-0.41011295944323956,-0.7781259077243096,-0.6139149847183044
-0.49722764011250614,0.7800903050123753,1.938892281252593,1.693076639491417,0.9013942989294969
0.3616117178672238,1.72736551513247,3.5286285200763197,1.693076639491417,1.926910138360891
-0.038411446185079925,-0.0012528045430587203,0.6276266184912775,0.04804535806082984,0.05551579781460853
-1.1554790138124065,-0.6724467889945951,-0.4987845753874478,-0.7196359066067776,-0.6711157608206638
0.9818205428243979,1.9645930174175792,3.9267484679006315,1.327514132506842,2.183731554717056
-1.543974132791157,-0.4233034182945526,-0.08066717842280283,1.327514132506842,-0.4013942794469149
1.0694336853834039,2.0474228344482146,4.0657551265590435,1.327514132506842,2.2734027383758706
1.4925129395828145,-0.6426534850705495,-0.4487848557533408,-0.814682158422767,-0.6388616653300526
1.0751977079201807,2.0528721645160193,4.074900301470781,1.327514132506842,2.279302158353424
-1.543974132791157,-0.4233034182945526,-0.08066717842280283,1.327514132506842,-0.4013942794469149
-0.12948300226615195,0.9139621803447837,2.1635587449176144,1.327514132506842,1.0463233830447294
-0.6897459928408483,0.38428729775414194,1.2746477434967158,1.327514132506842,0.4728997612265231
-0.37733597134755054,0.9123273813244422,2.160815192444093,1.693076639491417,1.0445535570514632
-0.8303881427382,0.251323644099701,1.0515054756503173,1.327514132506842,0.3289539137742162
1.4244974736488494,0.5750138501273154,1.5947288654075331,0.04804535806082984,0.6793794604408978
0.999112610434728,-0.6085806405999211,-0.39160312542188264,-0.7781259077243096,-0.6019745586837361
0.15525971105061756,-0.6214955528606187,-0.4132771899627008,-0.756192157305235,-0.615956184030538
1.5051937891637233,-0.5894425934017901,-0.35948527113186,-0.7781259077243096,-0.5812557957225679
0.14142605696235344,-0.6724576876547308,-0.4988028657372713,-0.814682158422767,-0.6711275596606189
0.1368148389329321,-0.6725594084826632,-0.498973575668957,-0.814682158422767,-0.6712376821668666
0.301665883484746,-0.6145749036745065,-0.401662817824794,-0.756192157305235,-0.608463920659045
-0.5006860536345722,-0.18955039196352844,0.38593271010963986,0.04804535806082984,-0.14162315310197304
1.335731526582488,0.5254365632991945,1.686670534609467,0.04804535806082984,0.6415248489182624
-0.6032856547891976,-0.2294963047183196,0.3132612309002961,0.04804535806082984,-0.18537718460216196
-1.224647284253727,-0.12832991443820801,0.49730787599901616,1.327514132506842,-0.07456641269044753
-0.5191309257522576,-0.633318064535631,-0.42139026656297096,-0.7196359066067776,-0.6276960297858696
0.006547929601778417,-0.6295478885003474,-0.4145313853791677,-0.756192157305235,-0.6235664358015821
1.0682808808760487,-0.6527614009461653,-0.45676249666801333,-0.814682158422767,-0.648992935904838
1.4325671052003368,2.866446582922114,5.945545829666717,1.693076639491417,3.2057077421619184
1.0959481890525768,-0.578650512024018,-0.3219364893978241,-0.756192157305235,-0.567816917013701
-1.5462797418058676,-0.6973033378201595,-0.5377952786538029,-0.7196359066067776,-0.6977811391192059
-0.6032856547891976,-0.2294963047183196,0.3132612309002961,0.04804535806082984,-0.18537718460216196
-0.4995332491272168,-0.6531922782073406,-0.4575463688033051,-0.756192157305235,-0.6494648895030423
0.4596001009924279,1.8057703916623102,4.015913923290073,1.693076639491417,2.043915301249037
0.6256039500515972,1.986738841355926,4.345140220112628,1.693076639491417,2.2421358124948365
-0.8004152255469611,-0.6770951942710391,-0.5010316755086176,-0.7781259077243096,-0.6756465153634249
-1.5163068246146285,-0.6954362030217333,-0.5343984994008718,-0.7196359066067776,-0.6957360068603207
-1.2776762915920727,-0.6949335128836954,-0.533483981909698,-0.7781259077243096,-0.6951853943290823
1.4037469925164532,-0.5642699834322932,-0.29577475688246035,-0.756192157305235,-0.5520654656736329
-1.089769156893152,-0.41890276744328453,-0.03131589523839005,0.04804535806082984,-0.39284012047946226
1.113240256662907,2.0562177997204394,4.471539601928431,1.327514132506842,2.3182383302052774
0.9564588436625804,0.3777713352505845,1.4180310215771739,0.04804535806082984,0.47978241786700226
-0.8004152255469611,-0.6770951942710391,-0.5010316755086176,-0.7781259077243096,-0.6756465153634249
-0.8557498419000176,-0.6543233310179257,-0.4596040331584461,-0.7196359066067776,-0.6507037676983285
-1.2868987276509156,-0.6899784243801798,-0.5244694523538423,-0.756192157305235,-0.6897579279497331
-1.5462797418058676,-0.6973033378201595,-0.5377952786538029,-0.7196359066067776,-0.6977811391192059
-0.4995332491272168,-0.6531922782073406,-0.4575463688033051,-0.756192157305235,-0.6494648895030423
1.551305969457937,0.6093678631322951,1.839362294296515,0.04804535806082984,0.7334574769018055
-1.217730457209595,-0.46872295076667575,-0.12195111088150418,0.04804535806082984,-0.4474097552718327
-1.5163068246146285,-0.6954362030217333,-0.5343984994008718,-0.7196359066067776,-0.6957360068603207
0.999112610434728,1.9495756775795585,4.277531248443711,1.327514132506842,2.201429814649717
-1.224647284253727,-0.12832991443820801,0.49730787599901616,1.327514132506842,-0.07456641269044753
-0.27704197920763574,-0.6820933705006722,-0.5101245922780024,-0.814682158422767,-0.6811211771025947
-1.0206008864518314,-0.6983051274523919,-0.5396177813683564,-0.814682158422767,-0.6988784312350309
0.22788639501400412,-0.6386609425742044,-0.4311102810405892,-0.7781259077243096,-0.6335482544036027
